{"Diagnosis":100,"Gender":100,"Years of education":100,"APOE":100,"AD family History":100,"MMSE":100,"MIS":100,"Total Intracraneal Volume mm3":20.925993437842,"Brain seg mm3":20.925993437842,"Left Hippocampapus mm3":20.925993437842,"Right Hippocampus mm3":20.925993437842,"Left Hippocampus TIV":20.925993437842,"Right Hippocampus TIV":20.925993437842,"Left Hippocampal MTA":20.998906306963,"Right Hippocampal MTA":20.998906306963}